{
    "rows": 100,
    "cols": 100,
    "objects": [
        {
            "type": "0x4d6b4a",
            "template": "0x26abd9c",
            "pos": [
                3620.0,
                60.0
            ],
            "direction": [
                -0.2633312940597534,
                -0.9647054672241211
            ]
        }
    ]
}