{
    "texture": "map_navigator",
    "activateColor": [255, 255, 0, 0],
    "radius": 60.0,
    "vertexArray": [
        [
            [
                [
                    0.0,
                    0.0
                ],
                [
                    42.42640687119285,
                    42.42640687119285
                ],
                [
                    42.42640687119285,
                    -42.42640687119285
                ]
            ],
            [
                [
                    0.5,
                    0.5
                ],
                [
                    1.0,
                    1.0
                ],
                [
                    1.0,
                    0.0
                ]
            ]
        ],
        [
            [
                [
                    0.0,
                    0.0
                ],
                [
                    -42.42640687119285,
                    42.42640687119285
                ],
                [
                    42.42640687119285,
                    42.42640687119285
                ]
            ],
            [
                [
                    0.5,
                    0.5
                ],
                [
                    5.551115123125783e-17,
                    1.0
                ],
                [
                    1.0,
                    1.0
                ]
            ]
        ],
        [
            [
                [
                    0.0,
                    0.0
                ],
                [
                    -42.42640687119285,
                    -42.42640687119285
                ],
                [
                    -42.42640687119285,
                    42.42640687119285
                ]
            ],
            [
                [
                    0.5,
                    0.5
                ],
                [
                    0.0,
                    1.1102230246251565e-16
                ],
                [
                    1.1102230246251565e-16,
                    1.0
                ]
            ]
        ],
        [
            [
                [
                    0.0,
                    0.0
                ],
                [
                    42.42640687119285,
                    -42.42640687119285
                ],
                [
                    -42.42640687119285,
                    -42.42640687119285
                ]
            ],
            [
                [
                    0.5,
                    0.5
                ],
                [
                    0.9999999999999998,
                    0.0
                ],
                [
                    0.0,
                    1.6653345369377348e-16
                ]
            ]
        ]
    ]
}
